unique_id,track_id,veh_type,traveled_distance,avg_speed
20181024_d1_0830_0900_0,1,Car,48.85,9.770344
20181024_d1_0830_0900_1,2,Motorcycle,98.09,19.839417
20181024_d1_0830_0900_2,3,Motorcycle,63.8,18.228752
20181024_d1_0830_0900_3,4,Motorcycle,145.72,26.229014
20181024_d1_0830_0900_4,5,Motorcycle,138.01,24.841425
20181024_d1_0830_0900_5,6,Medium Vehicle,159.97,17.451502
20181024_d1_0830_0900_6,7,Motorcycle,153.91,22.895895
20181024_d1_0830_0900_7,8,Car,158.21,21.739084
20181024_d1_0830_0900_8,9,Car,161.01,21.154471
20181024_d1_0830_0900_9,10,Car,159.53,18.891989
20181024_d1_0830_0900_10,11,Car,182.51,18.251311
20181024_d1_0830_0900_11,12,Motorcycle,158.41,22.104237
20181024_d1_0830_0900_12,13,Motorcycle,150.2,23.925733
20181024_d1_0830_0900_13,14,Car,189.93,22.056919
20181024_d1_0830_0900_14,15,Car,214.13,22.672299
20181024_d1_0830_0900_15,16,Motorcycle,238.04,24.624831
20181024_d1_0830_0900_16,17,Motorcycle,130.2,0.572429
20181024_d1_0830_0900_17,18,Medium Vehicle,142.37,9.971513
20181024_d1_0830_0900_18,19,Car,241.54,11.655932
20181024_d1_0830_0900_19,20,Car,225.57,21.71253
20181024_d1_0830_0900_20,21,Car,179.72,19.96924
20181024_d1_0830_0900_21,22,Bus,256.15,22.166647
20181024_d1_0830_0900_22,23,Bus,267.26,28.465902
20181024_d1_0830_0900_23,24,Car,268.07,22.548021
20181024_d1_0830_0900_24,25,Car,333.54,23.180557
20181024_d1_0830_0900_25,26,Car,313.23,33.165511
20181024_d1_0830_0900_26,27,Car,318.05,31.982182
20181024_d1_0830_0900_27,28,Car,339.2,31.800391
20181024_d1_0830_0900_28,29,Motorcycle,367.19,38.878858
20181024_d1_0830_0900_29,30,Motorcycle,349.3,50.704412
20181024_d1_0830_0900_30,31,Car,381.07,28.820679
20181024_d1_0830_0900_31,32,Car,391.3,32.015804
20181024_d1_0830_0900_32,33,Motorcycle,375.58,33.972209
20181024_d1_0830_0900_33,34,Car,419.85,21.592529
20181024_d1_0830_0900_34,35,Car,416.76,20.274803
20181024_d1_0830_0900_35,36,Motorcycle,392.76,34.825792
20181024_d1_0830_0900_36,37,Bus,158.46,17.079537
20181024_d1_0830_0900_37,38,Car,358.27,17.476598
20181024_d1_0830_0900_38,39,Car,372.52,16.354501
20181024_d1_0830_0900_39,40,Car,383.98,16.614463
20181024_d1_0830_0900_40,41,Motorcycle,282.72,22.418229
20181024_d1_0830_0900_41,42,Motorcycle,361.74,37.637358
20181024_d1_0830_0900_42,43,Motorcycle,423.13,41.848151
20181024_d1_0830_0900_43,44,Car,402.49,21.756245
20181024_d1_0830_0900_44,45,Car,354.28,18.116729
20181024_d1_0830_0900_45,46,Car,411.41,21.909637
20181024_d1_0830_0900_46,47,Car,447.53,20.03872
20181024_d1_0830_0900_47,48,Motorcycle,196.29,14.660605
20181024_d1_0830_0900_48,49,Motorcycle,60.09,31.813922
20181024_d1_0830_0900_49,50,Car,425.2,19.278561
20181024_d1_0830_0900_50,51,Motorcycle,259.92,16.358897
20181024_d1_0830_0900_51,52,Car,254.5,22.023772
20181024_d1_0830_0900_52,53,Car,199.92,13.377304
20181024_d1_0830_0900_53,54,Car,127.54,9.686211
20181024_d1_0830_0900_54,55,Car,160.92,11.679452
20181024_d1_0830_0900_55,56,Car,242.95,15.079722
20181024_d1_0830_0900_56,57,Car,302.89,8.42656
20181024_d1_0830_0900_57,58,Car,123.27,9.522898
20181024_d1_0830_0900_58,59,Motorcycle,48.32,8.966502
20181024_d1_0830_0900_59,60,Car,47.42,7.977767
20181024_d1_0830_0900_60,61,Motorcycle,194.91,14.204055
20181024_d1_0830_0900_61,62,Taxi,79.97,22.847876
20181024_d1_0830_0900_62,63,Taxi,289.89,1.867591
20181024_d1_0830_0900_63,64,Bus,456.09,7.993864
20181024_d1_0830_0900_64,65,Taxi,280.45,16.025744
20181024_d1_0830_0900_65,66,Taxi,258.97,11.86113
20181024_d1_0830_0900_66,67,Taxi,185.56,12.058342
20181024_d1_0830_0900_67,68,Taxi,185.13,12.915959
20181024_d1_0830_0900_68,69,Taxi,127.12,10.495797
20181024_d1_0830_0900_69,70,Taxi,442.64,19.918851
20181024_d1_0830_0900_70,71,Heavy Vehicle,151.24,1.495741
20181024_d1_0830_0900_71,72,Taxi,183.52,20.907353
20181024_d1_0830_0900_72,73,Taxi,15.99,13.709574
20181024_d1_0830_0900_73,74,Taxi,434.68,21.26156
20181024_d1_0830_0900_74,75,Taxi,133.2,23.278397
20181024_d1_0830_0900_75,76,Taxi,353.88,31.072162
20181024_d1_0830_0900_76,77,Taxi,295.46,21.796327
20181024_d1_0830_0900_77,78,Taxi,206.77,19.692781
20181024_d1_0830_0900_78,79,Taxi,215.55,26.574647
20181024_d1_0830_0900_79,80,Taxi,222.0,22.323695
20181024_d1_0830_0900_80,81,Taxi,194.4,21.600212
20181024_d1_0830_0900_81,82,Taxi,150.55,22.39556
20181024_d1_0830_0900_82,83,Taxi,74.22,12.145817
20181024_d1_0830_0900_83,84,Taxi,47.42,8.368982
20181024_d1_0830_0900_84,85,Heavy Vehicle,162.57,0.821502
20181024_d1_0830_0900_85,86,Car,124.14,0.894165
20181024_d1_0830_0900_86,87,Car,267.76,3.733237
20181024_d1_0830_0900_87,88,Car,129.13,12.701076
20181024_d1_0830_0900_88,89,Motorcycle,64.32,14.118982
20181024_d1_0830_0900_89,90,Taxi,465.45,20.285877
20181024_d1_0830_0900_90,91,Motorcycle,200.41,14.091146
20181024_d1_0830_0900_91,92,Taxi,214.67,14.97669
20181024_d1_0830_0900_92,93,Motorcycle,193.61,28.800755
20181024_d1_0830_0900_93,94,Car,110.34,9.237562
20181024_d1_0830_0900_94,95,Taxi,463.5,20.600212
20181024_d1_0830_0900_95,96,Car,204.85,14.749486
20181024_d1_0830_0900_96,97,Heavy Vehicle,467.87,16.102669
20181024_d1_0830_0900_97,98,Motorcycle,9.37,8.433102
20181024_d1_0830_0900_98,99,Motorcycle,19.93,22.420906
20181024_d1_0830_0900_99,100,Car,212.97,10.618917
20181024_d1_0830_0900_100,101,Car,169.41,9.932919
20181024_d1_0830_0900_101,102,Motorcycle,463.17,31.942672
20181024_d1_0830_0900_102,103,Motorcycle,57.62,23.048464
20181024_d1_0830_0900_103,104,Car,196.09,14.118836
20181024_d1_0830_0900_104,105,Taxi,235.0,30.000579
20181024_d1_0830_0900_105,106,Medium Vehicle,502.33,31.726205
20181024_d1_0830_0900_106,107,Car,236.72,25.668102
20181024_d1_0830_0900_107,108,Motorcycle,79.34,13.472079
20181024_d1_0830_0900_108,109,Car,196.8,14.169529
20181024_d1_0830_0900_109,110,Motorcycle,489.1,35.215056
20181024_d1_0830_0900_110,111,Motorcycle,346.02,15.570855
20181024_d1_0830_0900_111,112,Car,485.57,29.527702
20181024_d1_0830_0900_112,113,Taxi,498.93,32.073758
20181024_d1_0830_0900_113,114,Motorcycle,345.72,15.104365
20181024_d1_0830_0900_114,115,Taxi,486.39,30.189553
20181024_d1_0830_0900_115,116,Car,264.09,14.948745
20181024_d1_0830_0900_116,117,Motorcycle,261.73,16.472408
20181024_d1_0830_0900_117,118,Car,483.02,30.506824
20181024_d1_0830_0900_118,119,Car,347.36,1.593008
20181024_d1_0830_0900_119,120,Car,332.18,22.56318
20181024_d1_0830_0900_120,121,Car,109.56,16.0333
20181024_d1_0830_0900_121,122,Car,39.34,12.003092
20181024_d1_0830_0900_122,123,Car,236.57,8.399053
20181024_d1_0830_0900_123,124,Car,206.17,32.553122
20181024_d1_0830_0900_124,125,Car,212.07,4.013894
20181024_d1_0830_0900_125,126,Taxi,483.24,23.636685
20181024_d1_0830_0900_126,127,Car,498.84,34.802491
20181024_d1_0830_0900_127,128,Taxi,108.46,20.127502
20181024_d1_0830_0900_128,129,Car,284.79,2.024552
20181024_d1_0830_0900_129,130,Car,483.11,23.005001
20181024_d1_0830_0900_130,131,Taxi,233.66,27.48905
20181024_d1_0830_0900_131,132,Car,483.28,19.417664
20181024_d1_0830_0900_132,133,Car,36.86,8.191375
20181024_d1_0830_0900_133,134,Heavy Vehicle,360.54,15.127475
20181024_d1_0830_0900_134,135,Car,37.69,15.07445
20181024_d1_0830_0900_135,136,Car,482.51,38.94721
20181024_d1_0830_0900_136,137,Motorcycle,253.1,18.150943
20181024_d1_0830_0900_137,138,Car,358.27,16.706995
20181024_d1_0830_0900_138,139,Taxi,233.46,16.479291
20181024_d1_0830_0900_139,140,Motorcycle,494.53,25.432973
20181024_d1_0830_0900_140,141,Motorcycle,315.2,15.848026
20181024_d1_0830_0900_141,142,Car,231.84,28.583531
20181024_d1_0830_0900_142,143,Taxi,322.91,16.145688
20181024_d1_0830_0900_143,144,Taxi,479.97,22.85573
20181024_d1_0830_0900_144,145,Car,108.65,23.008078
20181024_d1_0830_0900_145,146,Bus,486.71,14.601304
20181024_d1_0830_0900_146,147,Car,361.47,14.821003
20181024_d1_0830_0900_147,148,Car,349.35,19.171578
20181024_d1_0830_0900_148,149,Car,110.43,24.847595
20181024_d1_0830_0900_149,150,Medium Vehicle,347.51,11.498532
20181024_d1_0830_0900_150,151,Motorcycle,358.71,20.432846
20181024_d1_0830_0900_151,152,Motorcycle,481.44,16.137728
20181024_d1_0830_0900_152,153,Taxi,111.52,25.09105
20181024_d1_0830_0900_153,154,Car,348.85,10.845187
20181024_d1_0830_0900_154,155,Car,357.73,17.886421
20181024_d1_0830_0900_155,156,Taxi,349.17,11.084893
20181024_d1_0830_0900_156,157,Car,354.48,11.926515
20181024_d1_0830_0900_157,158,Motorcycle,250.92,18.435099
20181024_d1_0830_0900_158,159,Car,351.26,11.310698
20181024_d1_0830_0900_159,160,Car,234.85,14.330118
20181024_d1_0830_0900_160,161,Motorcycle,478.14,40.59664
20181024_d1_0830_0900_161,162,Car,480.27,35.722495
20181024_d1_0830_0900_162,163,Taxi,235.03,13.220288
20181024_d1_0830_0900_163,164,Taxi,480.79,19.062308
20181024_d1_0830_0900_164,165,Car,480.46,31.795231
20181024_d1_0830_0900_165,166,Car,54.43,23.898108
20181024_d1_0830_0900_166,167,Car,480.26,34.033826
20181024_d1_0830_0900_167,168,Car,480.54,29.929526
20181024_d1_0830_0900_168,169,Car,227.73,22.277888
20181024_d1_0830_0900_169,170,Motorcycle,103.13,15.091528
20181024_d1_0830_0900_170,171,Motorcycle,383.78,28.311304
20181024_d1_0830_0900_171,172,Car,481.73,34.82386
20181024_d1_0830_0900_172,173,Taxi,72.2,3.777659
20181024_d1_0830_0900_173,174,Bus,480.2,14.334387
20181024_d1_0830_0900_174,175,Motorcycle,478.49,40.436057
20181024_d1_0830_0900_175,176,Heavy Vehicle,479.19,18.430534
20181024_d1_0830_0900_176,177,Car,197.71,14.011236
20181024_d1_0830_0900_177,178,Motorcycle,394.05,40.300326
20181024_d1_0830_0900_178,179,Car,480.32,36.947951
20181024_d1_0830_0900_179,180,Car,480.62,35.748661
20181024_d1_0830_0900_180,181,Motorcycle,480.71,44.601624
20181024_d1_0830_0900_181,182,Motorcycle,486.16,23.028722
20181024_d1_0830_0900_182,183,Car,32.11,12.84541
20181024_d1_0830_0900_183,184,Car,478.66,22.975633
20181024_d1_0830_0900_184,185,Motorcycle,487.23,20.684375
20181024_d1_0830_0900_185,186,Car,477.7,25.744193
20181024_d1_0830_0900_186,187,Car,34.3,12.346529
20181024_d1_0830_0900_187,188,Taxi,261.91,19.643018
20181024_d1_0830_0900_188,189,Car,93.48,21.572758
20181024_d1_0830_0900_189,190,Motorcycle,56.88,15.05652
20181024_d1_0830_0900_190,191,Car,105.45,11.716569
20181024_d1_0830_0900_191,192,Car,27.26,8.92056
20181024_d1_0830_0900_192,193,Car,199.45,13.807814
20181024_d1_0830_0900_193,194,Taxi,225.35,14.435345
20181024_d1_0830_0900_194,195,Taxi,358.31,5.743177
20181024_d1_0830_0900_195,196,Motorcycle,481.59,33.469879
20181024_d1_0830_0900_196,197,Car,235.61,31.648758
20181024_d1_0830_0900_197,198,Bus,140.38,15.502507
20181024_d1_0830_0900_198,199,Car,211.82,13.37793
20181024_d1_0830_0900_199,200,Motorcycle,352.16,15.092596
20181024_d1_0830_0900_200,201,Car,487.56,30.578418
20181024_d1_0830_0900_201,202,Car,481.52,34.808553
20181024_d1_0830_0900_202,203,Motorcycle,175.75,10.406261
20181024_d1_0830_0900_203,204,Taxi,104.8,19.856184
20181024_d1_0830_0900_204,205,Motorcycle,349.92,14.996362
20181024_d1_0830_0900_205,206,Motorcycle,28.03,9.891223
20181024_d1_0830_0900_206,207,Motorcycle,214.0,14.05811
20181024_d1_0830_0900_207,208,Motorcycle,480.74,48.07366
20181024_d1_0830_0900_208,209,Motorcycle,194.49,12.918358
20181024_d1_0830_0900_209,210,Motorcycle,215.19,14.13631
20181024_d1_0830_0900_210,211,Car,28.34,3.750962
20181024_d1_0830_0900_211,212,Motorcycle,357.91,15.790244
20181024_d1_0830_0900_212,213,Car,227.98,24.572722
20181024_d1_0830_0900_213,214,Taxi,92.83,22.279832
20181024_d1_0830_0900_214,215,Car,482.92,20.309717
20181024_d1_0830_0900_215,216,Medium Vehicle,236.59,11.090101
20181024_d1_0830_0900_216,217,Car,482.7,37.776566
20181024_d1_0830_0900_217,218,Car,18.62,0.09677
20181024_d1_0830_0900_218,219,Taxi,222.67,14.627971
20181024_d1_0830_0900_219,220,Motorcycle,481.21,50.951537
20181024_d1_0830_0900_220,221,Motorcycle,480.96,40.079767
20181024_d1_0830_0900_221,222,Medium Vehicle,105.52,19.185478
20181024_d1_0830_0900_222,223,Heavy Vehicle,481.74,2.507635
20181024_d1_0830_0900_223,224,Car,223.58,14.581484
20181024_d1_0830_0900_224,225,Taxi,480.33,24.083196
20181024_d1_0830_0900_225,226,Motorcycle,149.79,36.435828
20181024_d1_0830_0900_226,227,Car,235.43,32.598103
20181024_d1_0830_0900_227,228,Car,197.28,18.210205
20181024_d1_0830_0900_228,229,Motorcycle,55.36,19.162203
20181024_d1_0830_0900_229,230,Motorcycle,433.83,20.282799
20181024_d1_0830_0900_230,231,Car,347.72,14.937735
20181024_d1_0830_0900_231,232,Car,481.27,21.284879
20181024_d1_0830_0900_232,233,Car,480.66,20.214535
20181024_d1_0830_0900_233,234,Car,461.87,3.843576
20181024_d1_0830_0900_234,235,Car,102.44,20.043382
20181024_d1_0830_0900_235,236,Car,482.49,20.244247
20181024_d1_0830_0900_236,237,Car,211.29,13.779575
20181024_d1_0830_0900_237,238,Motorcycle,343.75,13.749898
20181024_d1_0830_0900_238,239,Motorcycle,488.19,42.657813
20181024_d1_0830_0900_239,240,Car,360.16,15.435314
20181024_d1_0830_0900_240,241,Car,28.53,14.26636
20181024_d1_0830_0900_241,242,Taxi,480.45,19.654934
20181024_d1_0830_0900_242,243,Car,27.04,15.701965
20181024_d1_0830_0900_243,244,Car,19.14,0.101884
20181024_d1_0830_0900_244,245,Medium Vehicle,256.94,11.171377
20181024_d1_0830_0900_245,246,Car,172.4,19.155583
20181024_d1_0830_0900_246,247,Motorcycle,51.08,28.732618
20181024_d1_0830_0900_247,248,Motorcycle,481.24,40.860291
20181024_d1_0830_0900_248,249,Car,53.34,21.820931
20181024_d1_0830_0900_249,250,Motorcycle,125.41,15.252951
20181024_d1_0830_0900_250,251,Taxi,458.55,37.517679
20181024_d1_0830_0900_251,252,Motorcycle,37.54,12.993423
20181024_d1_0830_0900_252,253,Motorcycle,454.48,42.386647
20181024_d1_0830_0900_253,254,Motorcycle,453.86,41.681178
20181024_d1_0830_0900_254,255,Car,480.96,31.254021
20181024_d1_0830_0900_255,256,Heavy Vehicle,482.5,28.569004
20181024_d1_0830_0900_256,257,Car,454.28,38.93863
20181024_d1_0830_0900_257,258,Taxi,454.22,33.101076
20181024_d1_0830_0900_258,259,Motorcycle,489.69,36.57461
20181024_d1_0830_0900_259,260,Car,52.24,28.496744
20181024_d1_0830_0900_260,261,Heavy Vehicle,95.09,12.31368
20181024_d1_0830_0900_261,262,Car,483.21,28.331305
20181024_d1_0830_0900_262,263,Taxi,457.62,33.214697
20181024_d1_0830_0900_263,264,Car,460.09,32.604466
20181024_d1_0830_0900_264,265,Car,485.63,34.965644
20181024_d1_0830_0900_265,266,Car,463.06,31.813042
20181024_d1_0830_0900_266,267,Motorcycle,199.78,22.061939
20181024_d1_0830_0900_267,268,Taxi,102.89,26.458017
20181024_d1_0830_0900_268,269,Car,478.59,37.45476
20181024_d1_0830_0900_269,270,Car,481.36,23.544831
20181024_d1_0830_0900_270,271,Motorcycle,485.61,40.65554
20181024_d1_0830_0900_271,272,Car,284.07,15.448051
20181024_d1_0830_0900_272,273,Car,210.5,16.261862
20181024_d1_0830_0900_273,274,Motorcycle,100.78,14.511744
20181024_d1_0830_0900_274,275,Car,482.48,40.393771
20181024_d1_0830_0900_275,276,Motorcycle,452.49,26.021697
20181024_d1_0830_0900_276,277,Car,198.64,23.997212
20181024_d1_0830_0900_277,278,Motorcycle,87.37,18.287492
20181024_d1_0830_0900_278,279,Motorcycle,55.07,13.216367
20181024_d1_0830_0900_279,280,Taxi,199.6,26.613805
20181024_d1_0830_0900_280,281,Motorcycle,46.91,3.377796
20181024_d1_0830_0900_281,282,Car,401.47,21.766252
20181024_d1_0830_0900_282,283,Car,216.92,14.78977
20181024_d1_0830_0900_283,284,Motorcycle,120.73,18.574441
20181024_d1_0830_0900_284,285,Medium Vehicle,492.0,40.624114
20181024_d1_0830_0900_285,286,Motorcycle,458.01,40.812929
20181024_d1_0830_0900_286,287,Car,55.18,23.098429
20181024_d1_0830_0900_287,288,Motorcycle,463.81,47.98007
20181024_d1_0830_0900_288,289,Car,442.47,16.320539
20181024_d1_0830_0900_289,290,Motorcycle,481.77,44.244042
20181024_d1_0830_0900_290,291,Motorcycle,323.78,15.098643
20181024_d1_0830_0900_291,292,Medium Vehicle,204.48,1.547778
20181024_d1_0830_0900_292,293,Car,211.4,14.305373
20181024_d1_0830_0900_293,294,Motorcycle,349.99,16.622103
20181024_d1_0830_0900_294,295,Motorcycle,236.55,27.648121
20181024_d1_0830_0900_295,296,Car,483.77,44.886011
20181024_d1_0830_0900_296,297,Bus,483.74,36.585703
20181024_d1_0830_0900_297,298,Car,492.89,45.968721
20181024_d1_0830_0900_298,299,Motorcycle,489.51,38.477074
20181024_d1_0830_0900_299,300,Motorcycle,220.69,32.295659
20181024_d1_0830_0900_300,301,Car,459.86,36.145951
20181024_d1_0830_0900_301,302,Taxi,265.83,15.485314
20181024_d1_0830_0900_302,303,Car,458.12,21.700224
20181024_d1_0830_0900_303,304,Car,483.4,47.808474
20181024_d1_0830_0900_304,305,Car,131.95,8.105998
20181024_d1_0830_0900_305,306,Car,384.61,25.174583
20181024_d1_0830_0900_306,307,Car,349.78,17.835916
20181024_d1_0830_0900_307,308,Taxi,208.41,16.169694
20181024_d1_0830_0900_308,309,Taxi,483.03,42.002383
20181024_d1_0830_0900_309,310,Car,482.64,45.966073
20181024_d1_0830_0900_310,311,Taxi,100.27,24.390691
20181024_d1_0830_0900_311,312,Heavy Vehicle,265.03,16.856961
20181024_d1_0830_0900_312,313,Taxi,207.24,15.225623
20181024_d1_0830_0900_313,314,Taxi,347.3,20.100852
20181024_d1_0830_0900_314,315,Car,215.01,10.131479
20181024_d1_0830_0900_315,316,Car,217.01,10.015645
20181024_d1_0830_0900_316,317,Car,263.7,20.548116
20181024_d1_0830_0900_317,318,Taxi,346.55,21.659506
20181024_d1_0830_0900_318,319,Car,356.96,22.310157
20181024_d1_0830_0900_319,320,Car,363.46,11.916745
20181024_d1_0830_0900_320,321,Car,193.89,4.096298
20181024_d1_0830_0900_321,322,Car,326.69,23.242532
20181024_d1_0830_0900_322,323,Car,349.45,13.763758
20181024_d1_0830_0900_323,324,Motorcycle,457.44,39.586283
20181024_d1_0830_0900_324,325,Taxi,67.43,11.559601
20181024_d1_0830_0900_325,326,Car,212.27,11.337956
20181024_d1_0830_0900_326,327,Motorcycle,170.33,21.440484
20181024_d1_0830_0900_327,328,Car,51.28,20.980018
20181024_d1_0830_0900_328,329,Car,479.19,35.939434
20181024_d1_0830_0900_329,330,Car,478.83,37.968607
20181024_d1_0830_0900_330,331,Motorcycle,207.14,13.221623
20181024_d1_0830_0900_331,332,Taxi,94.01,8.767701
20181024_d1_0830_0900_332,333,Car,479.9,40.365426
20181024_d1_0830_0900_333,334,Taxi,329.42,19.76544
20181024_d1_0830_0900_334,335,Car,208.84,16.415616
20181024_d1_0830_0900_335,336,Taxi,492.08,14.059326
20181024_d1_0830_0900_336,337,Motorcycle,120.68,20.493342
20181024_d1_0830_0900_337,338,Car,53.81,18.627579
20181024_d1_0830_0900_338,339,Motorcycle,188.12,38.479078
20181024_d1_0830_0900_339,340,Car,488.55,43.969327
20181024_d1_0830_0900_340,341,Car,457.02,38.987601
20181024_d1_0830_0900_341,342,Motorcycle,101.16,11.239993
20181024_d1_0830_0900_342,343,Heavy Vehicle,107.83,9.608311
20181024_d1_0830_0900_343,344,Car,480.96,42.6468
20181024_d1_0830_0900_344,345,Taxi,461.31,18.051135
20181024_d1_0830_0900_345,346,Car,236.59,12.904835
20181024_d1_0830_0900_346,347,Motorcycle,481.93,41.30796
20181024_d1_0830_0900_347,348,Car,206.16,17.755169
20181024_d1_0830_0900_348,349,Medium Vehicle,492.71,21.8981
20181024_d1_0830_0900_349,350,Motorcycle,484.74,38.951969
20181024_d1_0830_0900_350,351,Heavy Vehicle,482.14,41.326605
20181024_d1_0830_0900_351,352,Taxi,481.49,45.614878
20181024_d1_0830_0900_352,353,Taxi,482.03,44.955871
20181024_d1_0830_0900_353,354,Car,104.21,13.592362
20181024_d1_0830_0900_354,355,Car,485.0,21.55559
20181024_d1_0830_0900_355,356,Car,205.92,17.081275
20181024_d1_0830_0900_356,357,Car,487.2,40.789075
20181024_d1_0830_0900_357,358,Motorcycle,238.55,31.806234
20181024_d1_0830_0900_358,359,Car,39.97,17.986944
20181024_d1_0830_0900_359,360,Car,220.78,21.716209
20181024_d1_0830_0900_360,361,Car,103.84,10.680992
20181024_d1_0830_0900_361,362,Car,218.51,21.611084
20181024_d1_0830_0900_362,363,Motorcycle,52.29,16.513871
20181024_d1_0830_0900_363,364,Car,492.31,31.093496
20181024_d1_0830_0900_364,365,Motorcycle,484.62,42.552107
20181024_d1_0830_0900_365,366,Car,485.66,38.852707
20181024_d1_0830_0900_366,367,Taxi,484.2,33.781048
20181024_d1_0830_0900_367,368,Car,484.27,33.526468
20181024_d1_0830_0900_368,369,Car,206.02,15.074479
20181024_d1_0830_0900_369,370,Motorcycle,482.62,39.667194
20181024_d1_0830_0900_370,371,Taxi,483.46,39.19928
20181024_d1_0830_0900_371,372,Car,466.35,3.239765
20181024_d1_0830_0900_372,373,Motorcycle,482.39,47.709112
20181024_d1_0830_0900_373,374,Bus,483.19,31.512699
20181024_d1_0830_0900_374,375,Car,483.91,36.293412
20181024_d1_0830_0900_375,376,Motorcycle,346.77,15.450356
20181024_d1_0830_0900_376,377,Motorcycle,260.28,1.81593
20181024_d1_0830_0900_377,378,Car,479.87,35.990351
20181024_d1_0830_0900_378,379,Car,461.98,36.958234
20181024_d1_0830_0900_379,380,Car,103.51,20.034155
20181024_d1_0830_0900_380,381,Motorcycle,345.31,15.656261
20181024_d1_0830_0900_381,382,Car,494.17,32.944486
20181024_d1_0830_0900_382,383,Taxi,348.26,15.910315
20181024_d1_0830_0900_383,384,Car,490.56,30.982883
20181024_d1_0830_0900_384,385,Car,482.03,8.239751
20181024_d1_0830_0900_385,386,Car,489.76,33.141941
20181024_d1_0830_0900_386,387,Car,365.05,16.50966
20181024_d1_0830_0900_387,388,Car,481.88,36.90964
20181024_d1_0830_0900_388,389,Car,30.65,15.763784
20181024_d1_0830_0900_389,390,Car,236.18,26.081439
20181024_d1_0830_0900_390,391,Taxi,214.77,14.533558
20181024_d1_0830_0900_391,392,Motorcycle,482.09,22.835654
20181024_d1_0830_0900_392,393,Car,358.48,16.760204
20181024_d1_0830_0900_393,394,Motorcycle,340.75,25.989722
20181024_d1_0830_0900_394,395,Taxi,234.1,16.207206
20181024_d1_0830_0900_395,396,Taxi,402.13,11.118758
20181024_d1_0830_0900_396,397,Car,339.26,2.41463
20181024_d1_0830_0900_397,398,Medium Vehicle,339.31,15.700556
20181024_d1_0830_0900_398,399,Car,100.71,23.240992
20181024_d1_0830_0900_399,400,Medium Vehicle,482.63,22.44787
20181024_d1_0830_0900_400,401,Taxi,480.35,24.017491
20181024_d1_0830_0900_401,402,Car,483.35,23.450928
20181024_d1_0830_0900_402,403,Car,37.69,18.335013
20181024_d1_0830_0900_403,404,Taxi,362.1,15.781568
20181024_d1_0830_0900_404,405,Car,219.77,16.620955
20181024_d1_0830_0900_405,406,Taxi,349.08,18.372385
20181024_d1_0830_0900_406,407,Motorcycle,349.75,21.34087
20181024_d1_0830_0900_407,408,Car,348.78,18.796528
20181024_d1_0830_0900_408,409,Taxi,217.08,17.444095
20181024_d1_0830_0900_409,410,Car,281.85,21.138703
20181024_d1_0830_0900_410,411,Car,347.29,12.731779
20181024_d1_0830_0900_411,412,Motorcycle,211.41,20.794684
20181024_d1_0830_0900_412,413,Car,349.29,12.752963
20181024_d1_0830_0900_413,414,Car,73.0,0.538726
20181024_d1_0830_0900_414,415,Car,351.28,13.283761
20181024_d1_0830_0900_415,416,Car,200.19,13.546905
20181024_d1_0830_0900_416,417,Motorcycle,213.55,25.971998
20181024_d1_0830_0900_417,418,Motorcycle,27.54,6.196385
20181024_d1_0830_0900_418,419,Car,199.57,13.403654
20181024_d1_0830_0900_419,420,Taxi,212.24,12.567053
20181024_d1_0830_0900_420,421,Car,450.31,15.831182
20181024_d1_0830_0900_421,422,Taxi,480.99,35.924575
20181024_d1_0830_0900_422,423,Car,212.58,12.670279
20181024_d1_0830_0900_423,424,Car,70.87,5.93347
20181024_d1_0830_0900_424,425,Taxi,236.16,25.302344
20181024_d1_0830_0900_425,426,Car,51.6,26.535419
20181024_d1_0830_0900_426,427,Bus,480.81,34.618444
20181024_d1_0830_0900_427,428,Taxi,481.99,37.557463
20181024_d1_0830_0900_428,429,Car,26.14,7.841723
20181024_d1_0830_0900_429,430,Car,236.83,25.374639
20181024_d1_0830_0900_430,431,Motorcycle,450.58,52.665779
20181024_d1_0830_0900_431,432,Motorcycle,377.92,17.622992
20181024_d1_0830_0900_432,433,Car,385.41,8.38862
20181024_d1_0830_0900_433,434,Taxi,349.18,16.198915
20181024_d1_0830_0900_434,435,Car,482.18,39.813426
20181024_d1_0830_0900_435,436,Car,38.07,5.27176
20181024_d1_0830_0900_436,437,Taxi,489.49,35.671449
20181024_d1_0830_0900_437,438,Bus,483.42,20.619698
20181024_d1_0830_0900_438,439,Car,457.22,41.565678
20181024_d1_0830_0900_439,440,Car,26.55,5.139627
20181024_d1_0830_0900_440,441,Car,211.74,14.115925
20181024_d1_0830_0900_441,442,Motorcycle,239.79,3.676478
20181024_d1_0830_0900_442,443,Car,16.37,1.592943
20181024_d1_0830_0900_443,444,Car,479.89,38.391411
20181024_d1_0830_0900_444,445,Taxi,236.28,13.853289
20181024_d1_0830_0900_445,446,Car,480.83,20.905849
20181024_d1_0830_0900_446,447,Bus,485.39,13.93459
20181024_d1_0830_0900_447,448,Car,51.56,4.885052
20181024_d1_0830_0900_448,449,Motorcycle,489.4,24.334987
20181024_d1_0830_0900_449,450,Motorcycle,480.4,22.815806
20181024_d1_0830_0900_450,451,Car,480.73,24.103561
20181024_d1_0830_0900_451,452,Car,216.67,16.115796
20181024_d1_0830_0900_452,453,Car,215.12,15.677031
20181024_d1_0830_0900_453,454,Motorcycle,98.53,12.48962
20181024_d1_0830_0900_454,455,Motorcycle,15.32,11.03085
20181024_d1_0830_0900_455,456,Car,198.39,13.128881
20181024_d1_0830_0900_456,457,Motorcycle,479.35,43.577235
20181024_d1_0830_0900_457,458,Motorcycle,451.36,46.425151
20181024_d1_0830_0900_458,459,Taxi,479.83,32.71536
20181024_d1_0830_0900_459,460,Car,231.36,20.615891
20181024_d1_0830_0900_460,461,Car,482.67,31.708074
20181024_d1_0830_0900_461,462,Car,214.14,13.965788
20181024_d1_0830_0900_462,463,Motorcycle,234.73,29.340905
20181024_d1_0830_0900_463,464,Motorcycle,356.46,37.303957
20181024_d1_0830_0900_464,465,Motorcycle,345.88,15.963514
20181024_d1_0830_0900_465,466,Car,480.05,38.065685
20181024_d1_0830_0900_466,467,Motorcycle,451.27,34.712698
20181024_d1_0830_0900_467,468,Motorcycle,315.74,14.995755
20181024_d1_0830_0900_468,469,Car,454.29,38.939188
20181024_d1_0830_0900_469,470,Motorcycle,457.22,21.376444
20181024_d1_0830_0900_470,471,Car,455.45,41.196239
20181024_d1_0830_0900_471,472,Motorcycle,480.92,34.351639
20181024_d1_0830_0900_472,473,Taxi,348.21,16.030211
20181024_d1_0830_0900_473,474,Motorcycle,323.1,6.858319
20181024_d1_0830_0900_474,475,Car,198.01,17.218624
20181024_d1_0830_0900_475,476,Car,187.05,32.066536
20181024_d1_0830_0900_476,477,Car,26.02,8.362233
20181024_d1_0830_0900_477,478,Motorcycle,236.83,15.224633
20181024_d1_0830_0900_478,479,Car,50.04,26.489171
20181024_d1_0830_0900_479,480,Car,235.99,28.701592
20181024_d1_0830_0900_480,481,Car,42.25,1.508858
20181024_d1_0830_0900_481,482,Bus,472.05,20.928295
20181024_d1_0830_0900_482,483,Car,217.45,14.826217
20181024_d1_0830_0900_483,484,Car,480.25,48.024793
20181024_d1_0830_0900_484,485,Car,50.66,30.395103
20181024_d1_0830_0900_485,486,Car,477.39,15.181886
20181024_d1_0830_0900_486,487,Car,102.42,23.337127
20181024_d1_0830_0900_487,488,Car,29.18,2.626536
20181024_d1_0830_0900_488,489,Car,210.25,14.725631
20181024_d1_0830_0900_489,490,Car,354.72,17.303482
20181024_d1_0830_0900_490,491,Car,102.38,23.327531
20181024_d1_0830_0900_491,492,Motorcycle,320.49,20.17083
20181024_d1_0830_0900_492,493,Car,103.8,21.231672
20181024_d1_0830_0900_493,494,Car,349.46,18.889596
20181024_d1_0830_0900_494,495,Motorcycle,346.77,21.824571
20181024_d1_0830_0900_495,496,Taxi,348.42,20.362389
20181024_d1_0830_0900_496,497,Car,403.41,13.348139
20181024_d1_0830_0900_497,498,Taxi,347.41,20.91436
20181024_d1_0830_0900_498,499,Motorcycle,180.08,12.515067
20181024_d1_0830_0900_499,500,Car,352.38,19.337693
20181024_d1_0830_0900_500,501,Motorcycle,355.19,23.679402
20181024_d1_0830_0900_501,502,Medium Vehicle,348.15,20.479386
20181024_d1_0830_0900_502,503,Motorcycle,352.06,27.673199
20181024_d1_0830_0900_503,504,Motorcycle,355.96,13.129651
20181024_d1_0830_0900_504,505,Medium Vehicle,354.57,12.514108
20181024_d1_0830_0900_505,506,Motorcycle,259.87,23.744591
20181024_d1_0830_0900_506,507,Car,267.65,12.745447
20181024_d1_0830_0900_507,508,Car,347.69,13.93874
20181024_d1_0830_0900_508,509,Car,353.11,14.031007
20181024_d1_0830_0900_509,510,Motorcycle,272.98,13.880205
20181024_d1_0830_0900_510,511,Motorcycle,451.41,24.254944
20181024_d1_0830_0900_511,512,Taxi,283.99,11.644441
20181024_d1_0830_0900_512,513,Car,50.83,21.27643
20181024_d1_0830_0900_513,514,Car,237.13,36.172099
20181024_d1_0830_0900_514,515,Motorcycle,449.98,50.941071
20181024_d1_0830_0900_515,516,Car,236.18,22.733535
20181024_d1_0830_0900_516,517,Heavy Vehicle,105.2,11.476375
20181024_d1_0830_0900_517,518,Car,228.28,18.343991
20181024_d1_0830_0900_518,519,Taxi,324.47,13.67771
20181024_d1_0830_0900_519,520,Taxi,480.97,17.177535
20181024_d1_0830_0900_520,521,Motorcycle,75.2,26.540541
20181024_d1_0830_0900_521,522,Motorcycle,480.1,37.410754
20181024_d1_0830_0900_522,523,Motorcycle,153.81,22.148201
20181024_d1_0830_0900_523,524,Taxi,402.36,14.963616
20181024_d1_0830_0900_524,525,Motorcycle,482.25,41.139731
20181024_d1_0830_0900_525,526,Bus,105.16,19.120586
20181024_d1_0830_0900_526,527,Car,480.45,36.184693
20181024_d1_0830_0900_527,528,Taxi,454.66,20.771434
20181024_d1_0830_0900_528,529,Motorcycle,449.94,38.202713
20181024_d1_0830_0900_529,530,Bus,480.58,12.815457
20181024_d1_0830_0900_530,531,Car,79.19,19.797065
20181024_d1_0830_0900_531,532,Car,448.32,25.456522
20181024_d1_0830_0900_532,533,Car,81.76,19.364483
20181024_d1_0830_0900_533,534,Motorcycle,293.18,14.03532
20181024_d1_0830_0900_534,535,Car,174.3,10.81889
20181024_d1_0830_0900_535,536,Car,49.77,27.997382
20181024_d1_0830_0900_536,537,Taxi,191.59,7.891639
20181024_d1_0830_0900_537,538,Taxi,209.47,13.661284
20181024_d1_0830_0900_538,539,Taxi,478.35,43.267447
20181024_d1_0830_0900_539,540,Car,480.08,42.360287
20181024_d1_0830_0900_540,541,Taxi,381.53,13.106053
20181024_d1_0830_0900_541,542,Taxi,461.85,42.414913
20181024_d1_0830_0900_542,543,Car,195.15,7.474018
20181024_d1_0830_0900_543,544,Motorcycle,485.39,43.252482
20181024_d1_0830_0900_544,545,Car,263.98,16.052587
20181024_d1_0830_0900_545,546,Car,479.89,41.330339
20181024_d1_0830_0900_546,547,Taxi,487.43,22.044473
20181024_d1_0830_0900_547,548,Car,164.42,11.791406
20181024_d1_0830_0900_548,549,Car,479.69,21.008522
20181024_d1_0830_0900_549,550,Taxi,479.56,24.044808
20181024_d1_0830_0900_550,551,Car,196.89,7.588916
20181024_d1_0830_0900_551,552,Car,197.2,7.766998
20181024_d1_0830_0900_552,553,Motorcycle,183.6,7.527939
20181024_d1_0830_0900_553,554,Taxi,198.44,7.867491
20181024_d1_0830_0900_554,555,Car,266.16,12.347408
20181024_d1_0830_0900_555,556,Motorcycle,61.56,13.03689
20181024_d1_0830_0900_556,557,Motorcycle,99.14,10.315424
20181024_d1_0830_0900_557,558,Taxi,480.54,36.651065
20181024_d1_0830_0900_558,559,Car,207.71,2.194156
20181024_d1_0830_0900_559,560,Car,481.55,31.405439
20181024_d1_0830_0900_560,561,Car,486.42,28.706476
20181024_d1_0830_0900_561,562,Taxi,476.61,34.592451
20181024_d1_0830_0900_562,563,Motorcycle,352.14,15.926021
20181024_d1_0830_0900_563,564,Motorcycle,37.55,16.898717
20181024_d1_0830_0900_564,565,Car,105.72,25.039229
20181024_d1_0830_0900_565,566,Car,360.22,17.66759
20181024_d1_0830_0900_566,567,Heavy Vehicle,169.23,1.806677
20181024_d1_0830_0900_567,568,Motorcycle,356.54,15.925032
20181024_d1_0830_0900_568,569,Bus,482.91,21.785601
20181024_d1_0830_0900_569,570,Motorcycle,350.65,15.77912
20181024_d1_0830_0900_570,571,Motorcycle,333.41,15.628591
20181024_d1_0830_0900_571,572,Motorcycle,489.77,18.99957
20181024_d1_0830_0900_572,573,Motorcycle,42.23,13.574866
20181024_d1_0830_0900_573,574,Taxi,480.49,38.10085
20181024_d1_0830_0900_574,575,Motorcycle,481.03,35.92758
20181024_d1_0830_0900_575,576,Car,355.03,14.896251
20181024_d1_0830_0900_576,577,Car,482.96,35.195143
20181024_d1_0830_0900_577,578,Car,238.39,16.377774
20181024_d1_0830_0900_578,579,Car,481.4,21.882001
20181024_d1_0830_0900_579,580,Motorcycle,236.5,21.074682
20181024_d1_0830_0900_580,581,Car,489.24,19.397315
20181024_d1_0830_0900_581,582,Car,236.26,20.251208
20181024_d1_0830_0900_582,583,Car,385.67,13.24827
20181024_d1_0830_0900_583,584,Motorcycle,352.72,15.87224
20181024_d1_0830_0900_584,585,Taxi,481.84,18.651759
20181024_d1_0830_0900_585,586,Taxi,335.99,8.494007
20181024_d1_0830_0900_586,587,Car,481.3,34.653336
20181024_d1_0830_0900_587,588,Taxi,347.73,15.009768
20181024_d1_0830_0900_588,589,Car,236.86,13.709184
20181024_d1_0830_0900_589,590,Car,263.94,14.663518
20181024_d1_0830_0900_590,591,Car,53.73,23.028033
20181024_d1_0830_0900_591,592,Car,483.29,19.374484
20181024_d1_0830_0900_592,593,Car,350.15,15.485697
20181024_d1_0830_0900_593,594,Car,70.15,19.730943
20181024_d1_0830_0900_594,595,Car,484.16,19.409573
20181024_d1_0830_0900_595,596,Car,204.61,9.516698
20181024_d1_0830_0900_596,597,Taxi,346.74,17.19381
20181024_d1_0830_0900_597,598,Taxi,203.66,11.279798
20181024_d1_0830_0900_598,599,Car,349.56,16.092279
20181024_d1_0830_0900_599,600,Motorcycle,200.15,9.531054
20181024_d1_0830_0900_600,601,Taxi,265.07,10.843793
20181024_d1_0830_0900_601,602,Car,204.5,11.396316
20181024_d1_0830_0900_602,603,Taxi,352.0,19.79992
20181024_d1_0830_0900_603,604,Car,346.94,12.196989
20181024_d1_0830_0900_604,605,Car,345.36,11.663273
20181024_d1_0830_0900_605,606,Taxi,354.62,19.168692
20181024_d1_0830_0900_606,607,Motorcycle,285.87,11.460115
20181024_d1_0830_0900_607,608,Car,358.53,23.81359
20181024_d1_0830_0900_608,609,Taxi,346.04,13.570043
20181024_d1_0830_0900_609,610,Motorcycle,481.49,33.987389
20181024_d1_0830_0900_610,611,Motorcycle,416.98,5.040766
20181024_d1_0830_0900_611,612,Motorcycle,154.26,18.511461
20181024_d1_0830_0900_612,613,Taxi,384.68,19.23387
20181024_d1_0830_0900_613,614,Car,481.28,30.720313
20181024_d1_0830_0900_614,615,Motorcycle,479.87,35.256097
20181024_d1_0830_0900_615,616,Taxi,482.31,30.040207
20181024_d1_0830_0900_616,617,Motorcycle,235.05,24.59856
20181024_d1_0830_0900_617,618,Motorcycle,311.65,3.82395
20181024_d1_0830_0900_618,619,Car,384.39,19.435373
20181024_d1_0830_0900_619,620,Motorcycle,54.82,20.13714
20181024_d1_0830_0900_620,621,Heavy Vehicle,107.84,21.098743
20181024_d1_0830_0900_621,622,Car,483.69,30.87371
20181024_d1_0830_0900_622,623,Car,483.54,29.504281
20181024_d1_0830_0900_623,624,Car,427.95,17.232971
20181024_d1_0830_0900_624,625,Motorcycle,354.45,14.734642
20181024_d1_0830_0900_625,626,Car,14.89,4.467598
20181024_d1_0830_0900_626,627,Medium Vehicle,480.79,21.159612
20181024_d1_0830_0900_627,628,Taxi,384.84,20.314339
20181024_d1_0830_0900_628,629,Car,451.18,20.77047
20181024_d1_0830_0900_629,630,Car,470.8,21.72913
20181024_d1_0830_0900_630,631,Taxi,437.73,36.143167
20181024_d1_0830_0900_631,632,Motorcycle,396.99,21.588401
20181024_d1_0830_0900_632,633,Car,28.46,7.215425
20181024_d1_0830_0900_633,634,Car,467.14,20.761711
20181024_d1_0830_0900_634,635,Motorcycle,32.36,17.648292
20181024_d1_0830_0900_635,636,Motorcycle,222.29,16.534318
20181024_d1_0830_0900_636,637,Taxi,400.77,18.034828
20181024_d1_0830_0900_637,638,Motorcycle,468.07,19.36837
20181024_d1_0830_0900_638,639,Car,39.08,12.790166
20181024_d1_0830_0900_639,640,Motorcycle,279.29,11.583647
20181024_d1_0830_0900_640,641,Car,29.55,3.545661
20181024_d1_0830_0900_641,642,Car,211.54,19.134681
20181024_d1_0830_0900_642,643,Motorcycle,201.09,28.500928
20181024_d1_0830_0900_643,644,Car,185.58,18.766012
20181024_d1_0830_0900_644,645,Motorcycle,191.45,23.603391
20181024_d1_0830_0900_645,646,Car,206.44,12.857889
20181024_d1_0830_0900_646,647,Car,183.12,11.524733
20181024_d1_0830_0900_647,648,Medium Vehicle,467.06,31.137498
20181024_d1_0830_0900_648,649,Bus,467.45,34.48371
20181024_d1_0830_0900_649,650,Car,469.86,30.204979
20181024_d1_0830_0900_650,651,Car,482.97,31.844019
20181024_d1_0830_0900_651,652,Motorcycle,459.86,39.795297
20181024_d1_0830_0900_652,653,Taxi,139.13,28.784549
20181024_d1_0830_0900_653,654,Motorcycle,461.27,48.554987
20181024_d1_0830_0900_654,655,Motorcycle,455.6,34.749168
20181024_d1_0830_0900_655,656,Taxi,237.61,25.158997
20181024_d1_0830_0900_656,657,Motorcycle,190.23,33.570484
20181024_d1_0830_0900_657,658,Motorcycle,227.64,26.435103
20181024_d1_0830_0900_658,659,Taxi,489.42,21.382602
20181024_d1_0830_0900_659,660,Motorcycle,476.75,47.150816
20181024_d1_0830_0900_660,661,Medium Vehicle,256.59,8.474544
20181024_d1_0830_0900_661,662,Car,62.54,26.804934
20181024_d1_0830_0900_662,663,Taxi,455.1,21.222481
20181024_d1_0830_0900_663,664,Motorcycle,50.99,24.155331
20181024_d1_0830_0900_664,665,Taxi,486.9,36.215631
20181024_d1_0830_0900_665,666,Taxi,490.66,21.593768
20181024_d1_0830_0900_666,667,Motorcycle,134.13,6.781782
20181024_d1_0830_0900_667,668,Taxi,210.62,12.939127
20181024_d1_0830_0900_668,669,Motorcycle,473.24,35.054537
20181024_d1_0830_0900_669,670,Motorcycle,50.99,30.591712
20181024_d1_0830_0900_670,671,Car,24.4,16.268797
20181024_d1_0830_0900_671,672,Heavy Vehicle,185.56,8.107081
20181024_d1_0830_0900_672,673,Taxi,279.28,13.925283
20181024_d1_0830_0900_673,674,Car,50.29,26.623218
20181024_d1_0830_0900_674,675,Car,454.57,25.254127
20181024_d1_0830_0900_675,676,Car,265.04,12.824607
20181024_d1_0830_0900_676,677,Taxi,481.6,20.493648
20181024_d1_0830_0900_677,678,Motorcycle,351.43,18.60531
20181024_d1_0830_0900_678,679,Car,489.24,25.451619
20181024_d1_0830_0900_679,680,Motorcycle,279.78,16.298065
20181024_d1_0830_0900_680,681,Car,265.53,12.577618
20181024_d1_0830_0900_681,682,Taxi,50.98,5.243394
20181024_d1_0830_0900_682,683,Taxi,479.69,22.139685
20181024_d1_0830_0900_683,684,Car,200.35,16.931369
20181024_d1_0830_0900_684,685,Car,482.76,21.350346
20181024_d1_0830_0900_685,686,Taxi,280.69,9.236702
20181024_d1_0830_0900_686,687,Car,346.76,17.532966
20181024_d1_0830_0900_687,688,Taxi,349.92,17.303788
20181024_d1_0830_0900_688,689,Car,264.49,10.969556
20181024_d1_0830_0900_689,690,Motorcycle,350.13,19.944178
20181024_d1_0830_0900_690,691,Taxi,350.1,17.701737
20181024_d1_0830_0900_691,692,Car,349.97,11.998995
20181024_d1_0830_0900_692,693,Car,321.02,12.139441
20181024_d1_0830_0900_693,694,Motorcycle,347.5,23.426738
20181024_d1_0830_0900_694,695,Taxi,359.37,12.75872
20181024_d1_0830_0900_695,696,Motorcycle,266.13,23.030164
20181024_d1_0830_0900_696,697,Taxi,317.0,11.88764
20181024_d1_0830_0900_697,698,Taxi,348.65,12.939651
20181024_d1_0830_0900_698,699,Car,24.1,14.457705
20181024_d1_0830_0900_699,700,Taxi,322.18,12.338888
20181024_d1_0830_0900_700,701,Motorcycle,213.43,13.919056
20181024_d1_0830_0900_701,702,Motorcycle,101.19,24.284755
20181024_d1_0830_0900_702,703,Car,479.77,38.04378
20181024_d1_0830_0900_703,704,Car,234.95,30.207648
20181024_d1_0830_0900_704,705,Car,235.63,33.135854
20181024_d1_0830_0900_705,706,Car,480.48,30.888235
20181024_d1_0830_0900_706,707,Motorcycle,480.57,37.939771
20181024_d1_0830_0900_707,708,Bus,478.35,34.032734
20181024_d1_0830_0900_708,709,Motorcycle,454.52,43.518206
20181024_d1_0830_0900_709,710,Motorcycle,489.09,34.796976
20181024_d1_0830_0900_710,711,Heavy Vehicle,212.48,13.466827
20181024_d1_0830_0900_711,712,Taxi,237.48,28.497696
20181024_d1_0830_0900_712,713,Car,481.9,22.530311
20181024_d1_0830_0900_713,714,Motorcycle,460.95,44.133374
20181024_d1_0830_0900_714,715,Car,203.57,12.548673
20181024_d1_0830_0900_715,716,Motorcycle,46.78,26.311435
20181024_d1_0830_0900_716,717,Car,454.6,33.813376
20181024_d1_0830_0900_717,718,Motorcycle,411.86,36.340967
20181024_d1_0830_0900_718,719,Car,477.14,34.771653
20181024_d1_0830_0900_719,720,Car,438.7,14.787806
20181024_d1_0830_0900_720,721,Motorcycle,448.68,42.730978
20181024_d1_0830_0900_721,722,Taxi,479.8,20.710628
20181024_d1_0830_0900_722,723,Taxi,52.86,4.28578
20181024_d1_0830_0900_723,724,Taxi,200.4,13.21305
20181024_d1_0830_0900_724,725,Taxi,234.84,27.628697
20181024_d1_0830_0900_725,726,Car,234.88,33.28978
20181024_d1_0830_0900_726,727,Taxi,201.7,13.804876
20181024_d1_0830_0900_727,728,Car,37.83,2.960491
20181024_d1_0830_0900_728,729,Car,479.44,21.203867
20181024_d1_0830_0900_729,730,Motorcycle,485.23,40.249191
20181024_d1_0830_0900_730,731,Car,449.0,21.157206
20181024_d1_0830_0900_731,732,Car,450.58,38.620751
20181024_d1_0830_0900_732,733,Motorcycle,412.9,21.114271
20181024_d1_0830_0900_733,734,Car,451.06,21.088488
20181024_d1_0830_0900_734,735,Car,385.82,7.318013
20181024_d1_0830_0900_735,736,Taxi,488.55,22.548558
20181024_d1_0830_0900_736,737,Car,449.51,14.071496
20181024_d1_0830_0900_737,738,Motorcycle,92.12,7.209444
20181024_d1_0830_0900_738,739,Medium Vehicle,91.1,14.259689
20181024_d1_0830_0900_739,740,Motorcycle,489.15,14.625801
20181024_d1_0830_0900_740,741,Car,450.6,16.827318
20181024_d1_0830_0900_741,742,Car,214.39,16.079006
20181024_d1_0830_0900_742,743,Taxi,73.89,26.078223
20181024_d1_0830_0900_743,744,Car,99.89,9.933982
20181024_d1_0830_0900_744,745,Heavy Vehicle,358.48,11.420551
20181024_d1_0830_0900_745,746,Taxi,286.99,9.06299
20181024_d1_0830_0900_746,747,Motorcycle,34.42,8.979222
20181024_d1_0830_0900_747,748,Motorcycle,233.9,27.517151
20181024_d1_0830_0900_748,749,Car,488.3,31.730687
20181024_d1_0830_0900_749,750,Taxi,233.68,23.630546
20181024_d1_0830_0900_750,751,Taxi,235.37,25.833162
20181024_d1_0830_0900_751,752,Motorcycle,481.87,38.378908
20181024_d1_0830_0900_752,753,Motorcycle,480.25,42.16853
20181024_d1_0830_0900_753,754,Motorcycle,362.18,15.862091
20181024_d1_0830_0900_754,755,Medium Vehicle,481.45,34.944092
20181024_d1_0830_0900_755,756,Car,102.85,22.856662
20181024_d1_0830_0900_756,757,Taxi,480.83,32.78382
20181024_d1_0830_0900_757,758,Taxi,267.46,15.235178
20181024_d1_0830_0900_758,759,Motorcycle,34.4,12.383798
20181024_d1_0830_0900_759,760,Taxi,234.59,27.06765
20181024_d1_0830_0900_760,761,Taxi,51.45,16.245932
20181024_d1_0830_0900_761,762,Taxi,234.77,25.457262
20181024_d1_0830_0900_762,763,Car,480.12,36.93198
20181024_d1_0830_0900_763,764,Medium Vehicle,267.19,15.316538
20181024_d1_0830_0900_764,765,Taxi,460.93,38.770136
20181024_d1_0830_0900_765,766,Car,355.95,15.291465
20181024_d1_0830_0900_766,767,Car,478.56,22.201037
20181024_d1_0830_0900_767,768,Car,349.27,14.723394
20181024_d1_0830_0900_768,769,Car,50.57,18.962027
20181024_d1_0830_0900_769,770,Bus,482.18,36.77665
20181024_d1_0830_0900_770,771,Motorcycle,344.44,16.893541
20181024_d1_0830_0900_771,772,Car,350.31,15.157687
20181024_d1_0830_0900_772,773,Car,52.6,18.936616
20181024_d1_0830_0900_773,774,Taxi,462.8,21.305461
20181024_d1_0830_0900_774,775,Motorcycle,18.22,2.359903
20181024_d1_0830_0900_775,776,Car,348.11,15.062348
20181024_d1_0830_0900_776,777,Motorcycle,346.76,17.833336
20181024_d1_0830_0900_777,778,Motorcycle,345.28,18.333488
20181024_d1_0830_0900_778,779,Car,459.71,22.304005
20181024_d1_0830_0900_779,780,Car,361.31,15.124804
20181024_d1_0830_0900_780,781,Car,461.33,21.852384
20181024_d1_0830_0900_781,782,Motorcycle,455.26,23.41354
20181024_d1_0830_0900_782,783,Car,479.25,21.091638
20181024_d1_0830_0900_783,784,Car,181.37,10.298572
20181024_d1_0830_0900_784,785,Car,351.08,18.864121
20181024_d1_0830_0900_785,786,Motorcycle,214.73,17.026924
20181024_d1_0830_0900_786,787,Car,41.6,3.941131
20181024_d1_0830_0900_787,788,Car,349.69,11.120926
20181024_d1_0830_0900_788,789,Motorcycle,34.52,0.903269
20181024_d1_0830_0900_789,790,Car,243.15,18.864762
20181024_d1_0830_0900_790,791,Medium Vehicle,360.65,10.892201
20181024_d1_0830_0900_791,792,Car,191.4,22.226963
20181024_d1_0830_0900_792,793,Taxi,98.66,9.86637
20181024_d1_0830_0900_793,794,Taxi,181.09,14.749405
20181024_d1_0830_0900_794,795,Motorcycle,449.93,38.565616
20181024_d1_0830_0900_795,796,Car,481.61,30.417412
20181024_d1_0830_0900_796,797,Motorcycle,230.88,29.89811
20181024_d1_0830_0900_797,798,Medium Vehicle,59.91,11.351623
20181024_d1_0830_0900_798,799,Car,457.56,35.809068
20181024_d1_0830_0900_799,800,Car,471.96,31.580967
20181024_d1_0830_0900_800,801,Car,473.4,30.873697
20181024_d1_0830_0900_801,802,Motorcycle,101.87,10.722929
20181024_d1_0830_0900_802,803,Motorcycle,97.26,10.119253
20181024_d1_0830_0900_803,804,Motorcycle,440.49,43.565146
20181024_d1_0830_0900_804,805,Car,471.18,29.551186
20181024_d1_0830_0900_805,806,Car,466.07,32.020263
20181024_d1_0830_0900_806,807,Taxi,227.21,28.801845
20181024_d1_0830_0900_807,808,Taxi,481.65,31.526361
20181024_d1_0830_0900_808,809,Car,460.63,37.85986
20181024_d1_0830_0900_809,810,Car,60.84,11.407285
20181024_d1_0830_0900_810,811,Car,468.72,20.478174
20181024_d1_0830_0900_811,812,Car,474.03,33.994447
20181024_d1_0830_0900_812,813,Motorcycle,456.51,42.139462
20181024_d1_0830_0900_813,814,Car,479.39,20.399511
20181024_d1_0830_0900_814,815,Car,483.71,30.766304
20181024_d1_0830_0900_815,816,Motorcycle,94.59,3.331807
20181024_d1_0830_0900_816,817,Car,63.87,17.159066
20181024_d1_0830_0900_817,818,Car,468.19,42.1371
20181024_d1_0830_0900_818,819,Car,478.64,22.148038
20181024_d1_0830_0900_819,820,Taxi,473.67,20.948337
20181024_d1_0830_0900_820,821,Heavy Vehicle,202.45,15.775113
20181024_d1_0830_0900_821,822,Taxi,454.49,22.599003
20181024_d1_0830_0900_822,823,Car,219.35,17.547868
20181024_d1_0830_0900_823,824,Car,468.84,21.150712
20181024_d1_0830_0900_824,825,Bus,371.61,13.877621
20181024_d1_0830_0900_825,826,Car,27.06,6.765294
20181024_d1_0830_0900_826,827,Car,253.01,9.628397
20181024_d1_0830_0900_827,828,Taxi,406.15,23.582695
20181024_d1_0830_0900_828,829,Car,212.67,17.804702
20181024_d1_0830_0900_829,830,Car,35.35,12.236411
20181024_d1_0830_0900_830,831,Car,212.14,11.677222
20181024_d1_0830_0900_831,832,Car,31.34,4.8634
20181024_d1_0830_0900_832,833,Car,215.37,11.108092
20181024_d1_0830_0900_833,834,Motorcycle,156.08,13.314917
20181024_d1_0830_0900_834,835,Motorcycle,413.99,30.047492
20181024_d1_0830_0900_835,836,Car,478.77,33.532863
20181024_d1_0830_0900_836,837,Motorcycle,451.34,50.460264
20181024_d1_0830_0900_837,838,Motorcycle,100.29,17.357495
20181024_d1_0830_0900_838,839,Car,478.12,31.524368
20181024_d1_0830_0900_839,840,Bus,479.07,29.735381
20181024_d1_0830_0900_840,841,Taxi,50.68,16.586022
20181024_d1_0830_0900_841,842,Car,25.8,14.511369
20181024_d1_0830_0900_842,843,Motorcycle,213.06,13.84481
20181024_d1_0830_0900_843,844,Motorcycle,441.61,52.992695
20181024_d1_0830_0900_844,845,Motorcycle,32.43,11.446843
20181024_d1_0830_0900_845,846,Motorcycle,436.8,47.941742
20181024_d1_0830_0900_846,847,Motorcycle,468.05,48.69852
20181024_d1_0830_0900_847,848,Motorcycle,296.05,16.447418
20181024_d1_0830_0900_848,849,Taxi,465.6,41.903885
20181024_d1_0830_0900_849,850,Car,415.92,23.468714
20181024_d1_0830_0900_850,851,Taxi,203.99,11.582983
20181024_d1_0830_0900_851,852,Bus,13.2,0.754417
20181024_d1_0830_0900_852,853,Taxi,441.15,35.930482
20181024_d1_0830_0900_853,854,Medium Vehicle,463.88,33.003629
20181024_d1_0830_0900_854,855,Car,220.33,22.924557
20181024_d1_0830_0900_855,856,Car,206.81,12.408563
20181024_d1_0830_0900_856,857,Taxi,221.16,14.268161
20181024_d1_0830_0900_857,858,Car,139.86,9.795572
20181024_d1_0830_0900_858,859,Car,193.38,11.920961
20181024_d1_0830_0900_859,860,Taxi,289.36,17.837358
20181024_d1_0830_0900_860,861,Taxi,87.63,25.037087
20181024_d1_0830_0900_861,862,Car,183.03,11.766315
20181024_d1_0830_0900_862,863,Taxi,251.25,16.326631
20181024_d1_0830_0900_863,864,Taxi,87.57,5.752674
20181024_d1_0830_0900_864,865,Taxi,209.44,14.119789
20181024_d1_0830_0900_865,866,Taxi,150.18,10.124376
20181024_d1_0830_0900_866,867,Motorcycle,210.7,14.366158
20181024_d1_0830_0900_867,868,Car,196.05,13.366914
20181024_d1_0830_0900_868,869,Car,199.66,13.98389
20181024_d1_0830_0900_869,870,Taxi,80.98,5.738456
20181024_d1_0830_0900_870,871,Motorcycle,175.22,12.8735
20181024_d1_0830_0900_871,872,Motorcycle,38.25,4.683202
20181024_d1_0830_0900_872,873,Car,75.03,5.604158
20181024_d1_0830_0900_873,874,Car,192.21,14.977421
20181024_d1_0830_0900_874,875,Taxi,271.65,21.731873
20181024_d1_0830_0900_875,876,Car,193.08,28.255496
20181024_d1_0830_0900_876,877,Car,67.89,5.847
20181024_d1_0830_0900_877,878,Car,85.09,7.774332
20181024_d1_0830_0900_878,879,Motorcycle,89.64,8.403301
20181024_d1_0830_0900_879,880,Car,152.01,15.033822
20181024_d1_0830_0900_880,881,Taxi,64.07,20.968914
20181024_d1_0830_0900_881,882,Car,62.43,7.69661
20181024_d1_0830_0900_882,883,Medium Vehicle,51.78,6.383882
20181024_d1_0830_0900_883,884,Taxi,80.7,10.017732
20181024_d1_0830_0900_884,885,Motorcycle,319.68,41.101456
20181024_d1_0830_0900_885,886,Motorcycle,290.5,38.168162
20181024_d1_0830_0900_886,887,Motorcycle,258.99,34.53251
20181024_d1_0830_0900_887,888,Car,74.17,10.270114
20181024_d1_0830_0900_888,889,Medium Vehicle,206.1,28.758536
20181024_d1_0830_0900_889,890,Motorcycle,269.75,39.476335
20181024_d1_0830_0900_890,891,Car,172.87,25.716179
20181024_d1_0830_0900_891,892,Taxi,71.61,11.307018
20181024_d1_0830_0900_892,893,Car,56.67,9.106967
20181024_d1_0830_0900_893,894,Car,52.92,19.051912
20181024_d1_0830_0900_894,895,Heavy Vehicle,152.31,25.152587
20181024_d1_0830_0900_895,896,Heavy Vehicle,141.16,23.970741
20181024_d1_0830_0900_896,897,Motorcycle,87.53,14.863487
20181024_d1_0830_0900_897,898,Car,171.03,29.889448
20181024_d1_0830_0900_898,899,Bus,117.58,22.515684
20181024_d1_0830_0900_899,900,Motorcycle,131.6,26.320022
20181024_d1_0830_0900_900,901,Motorcycle,126.41,26.457188
20181024_d1_0830_0900_901,902,Taxi,30.9,8.557196
20181024_d1_0830_0900_902,903,Motorcycle,132.71,28.437118
20181024_d1_0830_0900_903,904,Car,133.13,29.583725
20181024_d1_0830_0900_904,905,Motorcycle,165.12,37.152372
20181024_d1_0830_0900_905,906,Car,118.6,29.24505
20181024_d1_0830_0900_906,907,Motorcycle,37.66,9.969678
20181024_d1_0830_0900_907,908,Motorcycle,138.0,36.529856
20181024_d1_0830_0900_908,909,Car,101.94,28.670845
20181024_d1_0830_0900_909,910,Motorcycle,59.54,19.485427
20181024_d1_0830_0900_910,911,Car,94.9,28.470766
20181024_d1_0830_0900_911,912,Medium Vehicle,61.25,20.045964
20181024_d1_0830_0900_912,913,Car,103.15,34.382062
20181024_d1_0830_0900_913,914,Car,85.62,29.078771
20181024_d1_0830_0900_914,915,Car,28.45,10.241356
20181024_d1_0830_0900_915,916,Car,81.18,30.441531
20181024_d1_0830_0900_916,917,Car,36.92,14.445338
20181024_d1_0830_0900_917,918,Car,78.83,30.846243
20181024_d1_0830_0900_918,919,Motorcycle,19.5,9.234518
20181024_d1_0830_0900_919,920,Car,48.97,24.486209
20181024_d1_0830_0900_920,921,Motorcycle,46.68,30.007124
20181024_d1_0830_0900_921,922,Car,35.0,23.335533
